{
  "version": 1,
  "author": "AlexB reconstructed version of original Author's work M Borowczak (heavy influence on build)",
  "editor": "wokwi",
  "parts": [
    {
      "type": "board-esp32-devkit-c-v4",
      "id": "esp",
      "top": 0,
      "left": -4.76,
      "attrs": { "builder": "esp-idf" }
    },
    { "type": "wokwi-led", "id": "led1", "top": 44.4, "left": 176.6, "attrs": { "color": "red" } },
    {
      "type": "wokwi-resistor",
      "id": "r1",
      "top": 157.55,
      "left": 134.4,
      "attrs": { "value": "220" }
    },
    {
      "type": "wokwi-pushbutton-6mm",
      "id": "btn1",
      "top": 74.6,
      "left": -86.4,
      "attrs": { "color": "yellow", "xray": "1", "bounce": "0", "key": "u" }
    }
  ],
  "connections": [
    [ "esp:TX", "$serialMonitor:RX", "", [] ],
    [ "esp:RX", "$serialMonitor:TX", "", [] ],
    [ "led1:C", "esp:GND.3", "black", [ "v0" ] ],
    [ "led1:A", "r1:2", "green", [ "v0" ] ],
    [ "r1:1", "esp:2", "green", [ "v0" ] ],
    [ "btn1:2.r", "esp:GND.1", "black", [ "h20", "v58" ] ],
    [ "esp:4", "btn1:1.r", "green", [ "h57.6", "v-163.2", "h-212" ] ]
  ],
  "dependencies": {}
}